"pk_name","pk_address","pk_code","pk_type_cd","pk_type_nm","oper_se","oper_se_nm","phone","weekday_start","weekday_end","weekend_start","weekend_end","holi_start","holi_end","parking_space","fee_type","basic_fee","basic_time","extra_fee","extra_time","daily_max_fee","monthly_fee","latitude","longitude","coord_src","collected_at"
"50동부캠퍼스","서울특별시 광진구 능동로3길 66-12 50 동부캠퍼스","1","AC완속","완속(7kW단독)","","서울시","","","","","","","","","","","","","","","","","","",""
"50동부캠퍼스","서울특별시 광진구 능동로3길 66-12 50 동부캠퍼스","2","AC완속","완속(7kW단독)","","서울시","","","","","","","","","","","","","","","","","","",""
"50동부캠퍼스","서울특별시 광진구 능동로3길 66-12 50 동부캠퍼스","3","AC완속","완속(7kW단독)","","서울시","","","","","","","","","","","","","","","","","","",""
"50동부캠퍼스","서울특별시 광진구 능동로3길 66-12 50 동부캠퍼스","4","AC완속","완속(7kW단독)","","서울시","","","","","","","","","","","","","","","","","","",""
"50동부캠퍼스","서울특별시 광진구 능동로3길 66-12 50 동부캠퍼스","5","AC완속","완속(7kW단독)","","서울시","","","","","","","","","","","","","","","","","","",""
"50동부캠퍼스","서울특별시 광진구 능동로3길 66-12 50 동부캠퍼스","6","AC완속","완속(7kW단독)","","서울시","","","","","","","","","","","","","","","","","","",""
"50동부캠퍼스","서울특별시 광진구 능동로3길 66-12 50 동부캠퍼스","7","AC완속","완속(7kW단독)","","서울시","","","","","","","","","","","","","","","","","","",""
"50동부캠퍼스","서울특별시 광진구 능동로3길 66-12 50 동부캠퍼스","8","AC완속","완속(7kW단독)","","서울시","","","","","","","","","","","","","","","","","","",""
"50동부캠퍼스","서울특별시 광진구 능동로3길 66-12 50 동부캠퍼스","9","AC완속","완속(7kW단독)","","서울시","","","","","","","","","","","","","","","","","","",""
"50동부캠퍼스","서울특별시 광진구 능동로3길 66-12 50 동부캠퍼스","10","AC완속","완속(7kW단독)","","서울시","","","","","","","","","","","","","","","","","","",""
"50동부캠퍼스","서울특별시 광진구 능동로3길 66-12 50 동부캠퍼스","11","DC콤보","급속(50kW단독)","","서울시","","","","","","","","","","","","","","","","","","",""
"50동부캠퍼스","서울특별시 광진구 능동로3길 66-12 50 동부캠퍼스","12","DC콤보","급속(100kW단독)","","서울시","","","","","","","","","","","","","","","","","","",""
"50동부캠퍼스","서울특별시 광진구 능동로3길 66-12 50 동부캠퍼스","13","DC콤보","급속(100kW단독)","","서울시","","","","","","","","","","","","","","","","","","",""
"AI 체육센터","서울특별시 서초구 태봉로 108 AI 체육센터","1","AC완속","완속(7kW단독)","","서울시","","","","","","","","","","","","","","","","","","",""
"AI 체육센터","서울특별시 서초구 태봉로 108 AI 체육센터","2","DC콤보","급속(100kW단독)","","서울시","","","","","","","","","","","","","","","","","","",""
"SK허브수 인근 거주자우선주차장","서울특별시 구로구 구일로10길 27 (구로동, SK허브수) 지상1층 A동 앞 노상공영주차장","1","AC완속","완속(7kW단독)","","서울시","","","","","","","","","","","","","","","","","","",""
"SK허브수 인근 거주자우선주차장","서울특별시 구로구 구일로10길 27 (구로동, SK허브수) 지상1층 A동 앞 노상공영주차장","2","AC완속","완속(7kW단독)","","서울시","","","","","","","","","","","","","","","","","","",""
"가산 공영주차장","서울특별시 금천구 시흥대로153길 53 (가산동, 가산공영주차장) 지상 3층 옥상 진입로 왼쪽 10M","1","DC콤보","급속(50kW단독)","","서울시","","","","","","","","","","","","","","","","","","",""
"강남구 압구정 나들목 앞 가로등형 충전기","서울특별시 강남구 압구정로 321 (서울특별시 강남구 선릉로189길 2 전기차충전소)","1","DC콤보","급속(50kW단독)","","서울시","","","","","","","","","","","","","","","","","","",""
"강남구 압구정 나들목 앞 가로등형 충전기","서울특별시 강남구 압구정로 321 (서울특별시 강남구 선릉로189길 2 전기차충전소)","2","DC콤보","급속(50kW단독)","","서울시","","","","","","","","","","","","","","","","","","",""
"강남운전면허시험장","서울특별시 강남구 테헤란로114길 23 주차장 출구 인근","1","DC콤보","급속(50kW단독)","","서울시","","","","","","","","","","","","","","","","","","",""
"강남주민편익시설","서울특별시 강남구 남부순환로 3318 강남주민편익시설 입구","1","DC콤보","급속(50kW단독)","","서울시","","","","","","","","","","","","","","","","","","",""
"강남주민편익시설","서울특별시 강남구 남부순환로 3318 강남주민편익시설 입구","2","DC콤보","급속(50kW단독)","","서울시","","","","","","","","","","","","","","","","","","",""
"강남주민편익시설","서울특별시 강남구 남부순환로 3318 강남주민편익시설 입구","3","DC콤보","급속(50kW단독)","","서울시","","","","","","","","","","","","","","","","","","",""
"강남주민편익시설","서울특별시 강남구 남부순환로 3318 강남주민편익시설 입구","4","DC콤보","급속(50kW단독)","","서울시","","","","","","","","","","","","","","","","","","",""
"강동구청","서울시 강동구 성내로 25 ","1","DC콤보","급속(100kW동시)","","서울시","","","","","","","","","","","","","","","","","","",""
"강동구청","서울시 강동구 성내로 25 ","2","DC콤보","급속(100kW동시)","","서울시","","","","","","","","","","","","","","","","","","",""
"강일동 주차장(구)","강동구 강일동 665-4","1370100","NW","노외 주차장","1","시간제 주차장","","0000","2400","0000","2400","0000","2400","90","유료","150.0","5.0","150.0","5.0","","80000.0","37.5661440479532","127.172540520573","카카오","2026-06-29 19:20:30"
"강일동 주차장(구)","강동구 강일동 665-4","1370100","NW","노외 주차장","1","시간제 주차장","","0000","2400","0000","2400","0000","2400","90","유료","150.0","5.0","150.0","5.0","","80000.0","37.5661440479532","127.172540520573","카카오","2026-06-29 19:20:30"
"강일동 주차장(구)","강동구 강일동 665-4","1370100","NW","노외 주차장","1","시간제 주차장","","0000","2400","0000","2400","0000","2400","90","유료","150.0","5.0","150.0","5.0","","80000.0","37.5661440479532","127.172540520573","카카오","2026-06-29 19:20:30"
"강동문화재단","서울특별시 강동구 동남로 870 강동아트센터","1","AC완속","완속(7kW단독)","","서울시","","","","","","","","","","","","","","","","","","",""
"강동문화재단","서울특별시 강동구 동남로 870 강동아트센터","2","AC완속","완속(7kW단독)","","서울시","","","","","","","","","","","","","","","","","","",""
"강동문화재단","서울특별시 강동구 동남로 870 강동아트센터","3","AC완속","완속(7kW단독)","","서울시","","","","","","","","","","","","","","","","","","",""
"개봉1동 노외공영주차장","서울특별시 구로구 경인로33길 51 노외공영주차장","1","AC완속","완속(7kW단독)","","서울시","","","","","","","","","","","","","","","","","","",""
"개봉1동 노외공영주차장","서울특별시 구로구 경인로33길 51 노외공영주차장","2","AC완속","완속(7kW단독)","","서울시","","","","","","","","","","","","","","","","","","",""
"개화산역 공영주차장","서울특별시 강서구 양천로 22 (방화동, 개화산역 공영주차장) 지상1층 진입로 직진 10M","1","DC콤보","급속(50kW단독)","","서울시","","","","","","","","","","","","","","","","","","",""
"개화산역 공영주차장","서울특별시 강서구 양천로 22 (방화동, 개화산역 공영주차장) 지상1층 진입로 직진 10M","2","DC콤보","급속(200kW동시)","","서울시","","","","","","","","","","","","","","","","","","",""
"개화산역 공영주차장","서울특별시 강서구 양천로 22 (방화동, 개화산역 공영주차장) 지상1층 진입로 직진 10M","3","DC콤보","급속(200kW동시)","","서울시","","","","","","","","","","","","","","","","","","",""
"개화산역 공영주차장","서울특별시 강서구 양천로 22 (방화동, 개화산역 공영주차장) 지상1층 진입로 직진 10M","4","DC콤보","급속(200kW동시)","","서울시","","","","","","","","","","","","","","","","","","",""
"개화산역 공영주차장","서울특별시 강서구 양천로 22 (방화동, 개화산역 공영주차장) 지상1층 진입로 직진 10M","5","DC콤보","급속(200kW동시)","","서울시","","","","","","","","","","","","","","","","","","",""
"개화산역 공영주차장","서울특별시 강서구 양천로 22 (방화동, 개화산역 공영주차장) 지상1층 진입로 직진 10M","6","DC콤보","급속(100kW동시)","","서울시","","","","","","","","","","","","","","","","","","",""
"개화산역 공영주차장","서울특별시 강서구 양천로 22 (방화동, 개화산역 공영주차장) 지상1층 진입로 직진 10M","7","DC콤보","급속(200kW동시)","","서울시","","","","","","","","","","","","","","","","","","",""
"고척1동 마을 공영주차장","서울특별시 구로구 중앙로8길 16 지상 5층","1","DC콤보","급속(50kW단독)","","서울시","","","","","","","","","","","","","","","","","","",""
"고척1동 마을 공영주차장","서울특별시 구로구 중앙로8길 16 지상 5층","2","DC콤보","급속(50kW단독)","","서울시","","","","","","","","","","","","","","","","","","",""
"고척1동 마을 공영주차장","서울특별시 구로구 중앙로8길 16 지상 5층","3","DC콤보","급속(50kW단독)","","서울시","","","","","","","","","","","","","","","","","","",""
"고척1동 마을 공영주차장","서울특별시 구로구 중앙로8길 16 지상 5층","4","DC콤보","급속(50kW단독)","","서울시","","","","","","","","","","","","","","","","","","",""
"고척1동 마을 공영주차장","서울특별시 구로구 중앙로8길 16 지상 5층","5","DC콤보","급속(50kW단독)","","서울시","","","","","","","","","","","","","","","","","","",""
"고척스카이돔","서울특별시 구로구 안양천로 545 고척스카이돔","1","DC콤보","급속(90kW동시)","","서울시","","","","","","","","","","","","","","","","","","",""
"고척스카이돔","서울특별시 구로구 안양천로 545 고척스카이돔","2","DC콤보","급속(90kW동시)","","서울시","","","","","","","","","","","","","","","","","","",""
"고척스카이돔","서울특별시 구로구 안양천로 545 고척스카이돔","3","DC콤보","급속(90kW동시)","","서울시","","","","","","","","","","","","","","","","","","",""
"고척스카이돔","서울특별시 구로구 안양천로 545 고척스카이돔","4","DC콤보","급속(90kW동시)","","서울시","","","","","","","","","","","","","","","","","","",""
"고척스카이돔","서울특별시 구로구 안양천로 545 고척스카이돔","5","DC콤보","급속(90kW동시)","","서울시","","","","","","","","","","","","","","","","","","",""
"고척스카이돔","서울특별시 구로구 안양천로 545 고척스카이돔","6","DC콤보","급속(90kW동시)","","서울시","","","","","","","","","","","","","","","","","","",""
"고척스카이돔","서울특별시 구로구 안양천로 545 고척스카이돔","7","AC완속","완속(7kW단독)","","서울시","","","","","","","","","","","","","","","","","","",""
"곰달래5길 노상공영주차장","서울특별시 양천구 곰달래로5길 17 신월프라자 앞 주차구획","1","DC콤보","급속(50kW단독)","","서울시","","","","","","","","","","","","","","","","","","",""
"곰달래5길 노상공영주차장","서울특별시 양천구 곰달래로5길 17 신월프라자 앞 주차구획","2","DC콤보","급속(50kW단독)","","서울시","","","","","","","","","","","","","","","","","","",""
"공릉동 거주자주차장","서울특별시 노원구 동일로198길 42 53-15 구획","1","DC콤보","급속(50kW단독)","","서울시","","","","","","","","","","","","","","","","","","",""
"관악구 노인회관 50센터","서울특별시 관악구 관악로5길 95 ","1","DC콤보","급속(50kW단독)","","서울시","","","","","","","","","","","","","","","","","","",""
"광진구 자양동 거주자우선주차장 가로등형 충전기","서울특별시 광진구 자양번영로3길 65 (서울특별시 광진구 뚝섬로36길 39 전기차충전소)","1","DC콤보","급속(50kW단독)","","서울시","","","","","","","","","","","","","","","","","","",""
"교통공원길(구)","송파구 신천동 10-2","1568618","NS","노상 주차장","1","시간제 주차장","","0900","2100","0900","2100","0900","2100","1","유료","250.0","5.0","","","","","37.5162244306375","127.103599153394","카카오","2026-06-29 19:21:48"
"교통공원길(구)","송파구 신천동 10-2","1568618","NS","노상 주차장","1","시간제 주차장","","0900","2100","0900","2100","0900","2100","1","유료","250.0","5.0","","","","","37.5162244306375","127.103599153394","카카오","2026-06-29 19:21:48"
"구로2동 주택가 공영주차장","서울특별시 구로구 구로동로42길 48-4 ","1","DC콤보","급속(50kW동시)","","서울시","","","","","","","","","","","","","","","","","","",""
"구로2동 주택가 공영주차장","서울특별시 구로구 구로동로42길 48-4 ","2","DC콤보","급속(50kW동시)","","서울시","","","","","","","","","","","","","","","","","","",""
"구로2동 주택가 공영주차장","서울특별시 구로구 구로동로42길 48-4 ","3","DC콤보","급속(50kW단독)","","서울시","","","","","","","","","","","","","","","","","","",""
"구로2동 주택가 공영주차장","서울특별시 구로구 구로동로42길 48-4 ","4","DC콤보","급속(50kW동시)","","서울시","","","","","","","","","","","","","","","","","","",""
"구로2동 주택가 공영주차장","서울특별시 구로구 구로동로42길 48-4 ","5","DC콤보","급속(50kW동시)","","서울시","","","","","","","","","","","","","","","","","","",""
"구로5동 마을공동공영주차장","서울특별시 구로구 공원로7길 22-10 구로5동 마을공동공영주차장","1","AC완속","완속(7kW단독)","","서울시","","","","","","","","","","","","","","","","","","",""
"구로5동 마을공동공영주차장","서울특별시 구로구 공원로7길 22-10 구로5동 마을공동공영주차장","2","AC완속","완속(7kW단독)","","서울시","","","","","","","","","","","","","","","","","","",""
"구파발역 공영주차장 ","서울특별시 은평구 진관2로 15-40 ","1","DC콤보","급속(100kW단독)","","서울시","","","","","","","","","","","","","","","","","","",""
"구파발역 공영주차장 ","서울특별시 은평구 진관2로 15-40 ","2","DC콤보","급속(100kW단독)","","서울시","","","","","","","","","","","","","","","","","","",""
"국립한글박물관 지하주차장","서울특별시 용산구 서빙고로 139 지하주차장 입구 좌측","1","AC완속","완속(7kW단독)","","서울시","","","","","","","","","","","","","","","","","","",""
"국립한글박물관 지하주차장","서울특별시 용산구 서빙고로 139 지하주차장 입구 좌측","2","DC콤보","급속(50kW단독)","","서울시","","","","","","","","","","","","","","","","","","",""
"기업은행 무교지점 앞 가로등형 충전소","서울특별시 중구 무교로 20 전기차충전소","1","DC콤보","급속(50kW단독)","","서울시","","","","","","","","","","","","","","","","","","",""
"난곡스마트 공영주차장","서울특별시 관악구 난곡로26길 94 옥상층","1","DC콤보","급속(100kW단독)","","서울시","","","","","","","","","","","","","","","","","","",""
"난곡스마트 공영주차장","서울특별시 관악구 난곡로26길 94 옥상층","2","DC콤보","급속(100kW단독)","","서울시","","","","","","","","","","","","","","","","","","",""
"남부초 공영주차장","서울특별시 관악구 남부순환로163길 14 지하 1층 진입로 오른쪽 맨끝","1","DC콤보","급속(50kW단독)","","서울시","","","","","","","","","","","","","","","","","","",""
"남산청사","서울특별시 중구 삼일대로 231 (예장동, 남산별관) 중부공원여가센터 앞 왼쪽 차단기 뒷편","1","AC완속","완속(7kW단독)","","서울시","","","","","","","","","","","","","","","","","","",""
"남산청사","서울특별시 중구 삼일대로 231 (예장동, 남산별관) 중부공원여가센터 앞 왼쪽 차단기 뒷편","2","AC완속","완속(7kW단독)","","서울시","","","","","","","","","","","","","","","","","","",""
"노송길 공동주차장 ","서울특별시 은평구 역말로6길 12-12 ","1","DC콤보","급속(100kW동시)","","서울시","","","","","","","","","","","","","","","","","","",""
"노송길 공동주차장 ","서울특별시 은평구 역말로6길 12-12 ","2","DC콤보","급속(100kW동시)","","서울시","","","","","","","","","","","","","","","","","","",""
"노원구청","서울 노원구 노해로 437(노원구청) (상계동, 노원구청) 지상1층 입구 우측 5m","1","DC콤보","급속(100kW동시)","","서울시","","","","","","","","","","","","","","","","","","",""
"노원구청","서울 노원구 노해로 437(노원구청) (상계동, 노원구청) 지상1층 입구 우측 5m","2","DC콤보","급속(100kW동시)","","서울시","","","","","","","","","","","","","","","","","","",""
"노원구청","서울 노원구 노해로 437(노원구청) (상계동, 노원구청) 지상1층 입구 우측 5m","3","DC콤보","급속(100kW동시)","","서울시","","","","","","","","","","","","","","","","","","",""
"노원구청","서울 노원구 노해로 437(노원구청) (상계동, 노원구청) 지상1층 입구 우측 5m","4","DC콤보","급속(100kW동시)","","서울시","","","","","","","","","","","","","","","","","","",""
"노원세무서 거주자주차장","서울특별시 도봉구 노해로69길 14 06-90 구획","1","DC콤보","급속(50kW단독)","","서울시","","","","","","","","","","","","","","","","","","",""
"노원수학문화관","서울특별시 노원구 한글비석로19길 28 노원수학문화관","1","DC콤보","급속(100kW단독)","","서울시","","","","","","","","","","","","","","","","","","",""
"노원이지센터","서울특별시 노원구 한글비석로 97 상가 주차장","1","DC콤보","급속(50kW단독)","","서울시","","","","","","","","","","","","","","","","","","",""
"노원이지센터","서울특별시 노원구 한글비석로 97 상가 주차장","2","DC콤보","급속(100kW단독)","","서울시","","","","","","","","","","","","","","","","","","",""
"노원이지센터","서울특별시 노원구 한글비석로 97 상가 주차장","3","DC콤보","급속(100kW단독)","","서울시","","","","","","","","","","","","","","","","","","",""
"노원자원회수시설","서울특별시 노원구 덕릉로70길 99 노원자원회수시설","1","DC콤보","급속(100kW동시)","","서울시","","","","","","","","","","","","","","","","","","",""
"노원자원회수시설","서울특별시 노원구 덕릉로70길 99 노원자원회수시설","2","DC콤보","급속(100kW동시)","","서울시","","","","","","","","","","","","","","","","","","",""
"노원자원회수시설","서울특별시 노원구 덕릉로70길 99 노원자원회수시설","3","DC콤보","급속(50kW동시)","","서울시","","","","","","","","","","","","","","","","","","",""
"노원자원회수시설","서울특별시 노원구 덕릉로70길 99 노원자원회수시설","5","DC콤보","급속(50kW동시)","","서울시","","","","","","","","","","","","","","","","","","",""
"노원자원회수시설","서울특별시 노원구 덕릉로70길 99 노원자원회수시설","6","DC콤보","급속(50kW동시)","","서울시","","","","","","","","","","","","","","","","","","",""
"논현 1호 공영주차장","서울특별시 강남구 학동로6길 19 2층 램프 인근","1","DC콤보","급속(100kW동시)","","서울시","","","","","","","","","","","","","","","","","","",""
"논현 1호 공영주차장","서울특별시 강남구 학동로6길 19 2층 램프 인근","2","DC콤보","급속(100kW동시)","","서울시","","","","","","","","","","","","","","","","","","",""
"논현 2호 공영주차장","서울특별시 강남구 학동로20길 13 1층 입구 좌측","1","DC콤보","급속(100kW동시)","","서울시","","","","","","","","","","","","","","","","","","",""
"논현 2호 공영주차장","서울특별시 강남구 학동로20길 13 1층 입구 좌측","2","DC콤보","급속(100kW동시)","","서울시","","","","","","","","","","","","","","","","","","",""
"논현2동 주민센터","서울특별시 강남구 학동로43길 17 지상주차장","1","AC완속","완속(7kW단독)","","서울시","","","","","","","","","","","","","","","","","","",""
"논현로28길 노상공영주차장","서울특별시 강남구 논현로28길 25 ","1","DC콤보","급속(50kW단독)","","서울시","","","","","","","","","","","","","","","","","","",""
"논현문화마루","서울시 강남구 논현동 40-5 ","1","DC콤보","급속(100kW단독)","","서울시","","","","","","","","","","","","","","","","","","",""
"누상 공영주차장(구)","종로구 누상동 166-50","3078460","NW","노외 주차장","3","시간제 + 거주자 주차장","02-2236-0052","0000","2400","0000","2400","0000","2400","36","유료","200.0","5.0","200.0","5.0","","","37.5802891616565","126.964583992599","카카오","2026-06-29 19:24:11"
"누상 공영주차장(구)","종로구 누상동 166-50","3078460","NW","노외 주차장","3","시간제 + 거주자 주차장","02-2236-0052","0000","2400","0000","2400","0000","2400","36","유료","200.0","5.0","200.0","5.0","","","37.5802891616565","126.964583992599","카카오","2026-06-29 19:24:11"
"대궐재어린이공원 거주자주차장","서울특별시 서대문구 연희동 73-8 16-13구획","1","DC콤보","급속(50kW단독)","","서울시","","","","","","","","","","","","","","","","","","",""
"대방동(서울공고) 거주자주차장","서울특별시 동작구 대방동1길 46 보라매역 7번출구 인근 116번 구획","1","DC콤보","급속(50kW단독)","","서울시","","","","","","","","","","","","","","","","","","",""
"도곡2동 주민센터","서울시 강남구 남부순환로378길 34-9 ","1","DC콤보","급속(100kW단독)","","서울시","","","","","","","","","","","","","","","","","","",""
"도곡정보문화도서관","서울특별시 강남구 도곡로18길 57 (도곡동, 도곡정보문화도서관) 지상1층 정문 뒷편주차장","1","AC완속","완속(7kW단독)","","서울시","","","","","","","","","","","","","","","","","","",""
"도곡정보문화도서관","서울특별시 강남구 도곡로18길 57 (도곡동, 도곡정보문화도서관) 지상1층 정문 뒷편주차장","2","AC완속","완속(7kW단독)","","서울시","","","","","","","","","","","","","","","","","","",""
"도봉동 거주자우선주차장","서울특별시 도봉구 도봉로169나길 34 ","1","DC콤보","급속(50kW단독)","","서울시","","","","","","","","","","","","","","","","","","",""
"도봉동 실내스포츠센터","서울특별시 도봉구 마들로 805 1층 주차장","1","DC콤보","급속(100kW동시)","","서울시","","","","","","","","","","","","","","","","","","",""
"도봉동 실내스포츠센터","서울특별시 도봉구 마들로 805 1층 주차장","2","DC콤보","급속(100kW동시)","","서울시","","","","","","","","","","","","","","","","","","",""
"도봉산역 환승주차장","서울 도봉구 도봉로 955(도봉산역 광역환승센타) (도봉동, 도봉산역 환승공영주차장) 지상4층 진입로 우측 10m","1","DC콤보","급속(100kW단독)","","서울시","","","","","","","","","","","","","","","","","","",""
"도봉산역 환승주차장","서울 도봉구 도봉로 955(도봉산역 광역환승센타) (도봉동, 도봉산역 환승공영주차장) 지상4층 진입로 우측 10m","2","DC콤보","급속(100kW동시)","","서울시","","","","","","","","","","","","","","","","","","",""
"독립문문화공원 지하공영주차장 ","서울특별시 서대문구 성산로 700 ","1","DC콤보","급속(100kW단독)","","서울시","","","","","","","","","","","","","","","","","","",""
"독립문문화공원 지하공영주차장 ","서울특별시 서대문구 성산로 700 ","2","DC콤보","급속(100kW단독)","","서울시","","","","","","","","","","","","","","","","","","",""
"독립문문화공원 지하공영주차장 ","서울특별시 서대문구 성산로 700 ","3","DC콤보","급속(100kW단독)","","서울시","","","","","","","","","","","","","","","","","","",""
"독립문문화공원 지하공영주차장 ","서울특별시 서대문구 성산로 700 ","4","DC콤보","급속(100kW단독)","","서울시","","","","","","","","","","","","","","","","","","",""
"독립문문화공원 지하공영주차장 ","서울특별시 서대문구 성산로 700 ","5","DC콤보","급속(100kW단독)","","서울시","","","","","","","","","","","","","","","","","","",""
"독립문문화공원 지하공영주차장 ","서울특별시 서대문구 성산로 700 ","6","DC콤보","급속(100kW단독)","","서울시","","","","","","","","","","","","","","","","","","",""
"동대문구청","서울특별시 동대문구 천호대로 145 동대문구청","1","DC콤보","급속(100kW단독)","","서울시","","","","","","","","","","","","","","","","","","",""
"동대문구청","서울특별시 동대문구 천호대로 145 동대문구청","2","DC콤보","급속(100kW동시)","","서울시","","","","","","","","","","","","","","","","","","",""
"동대문구청","서울특별시 동대문구 천호대로 145 동대문구청","3","DC콤보","급속(100kW동시)","","서울시","","","","","","","","","","","","","","","","","","",""
"동대문구청","서울특별시 동대문구 천호대로 145 동대문구청","4","DC콤보","급속(100kW단독)","","서울시","","","","","","","","","","","","","","","","","","",""
"동대문구청","서울특별시 동대문구 천호대로 145 동대문구청","5","DC콤보","급속(100kW동시)","","서울시","","","","","","","","","","","","","","","","","","",""
"동대문구청","서울특별시 동대문구 천호대로 145 동대문구청","6","DC콤보","급속(100kW동시)","","서울시","","","","","","","","","","","","","","","","","","",""
"동대문구청","서울특별시 동대문구 천호대로 145 동대문구청","7","DC콤보","급속(100kW동시)","","서울시","","","","","","","","","","","","","","","","","","",""
"동작구청","서울특별시 동작구 장승배기로 161 (노량진동, 동작구청) 교통종합민원실 앞 주차장","1","DC차데모+AC3상+DC콤보","급속(50kW단독)","","서울시","","","","","","","","","","","","","","","","","","",""
"동작구청 후문 가로등형 충전소","서울특별시 동작구 장승배기로 161 (서울특별시 동작구 노량진로 8길 65 전기차충전소)","1","DC콤보","급속(50kW단독)","","서울시","","","","","","","","","","","","","","","","","","",""
"드림디포 앞 가로등형 충전소","서울특별시 마포구 토정로 271 전기차충전소","1","DC콤보","급속(50kW단독)","","서울시","","","","","","","","","","","","","","","","","","",""
"로봇과학관","서울특별시 도봉구 마들로13길 56 로봇과학관","1","AC완속","완속(7kW단독)","","서울시","","","","","","","","","","","","","","","","","","",""
"마들스포츠타운","서울 노원구 덕릉로 460(노원에코센터) (상계동, 마들체육공원) 지상 1층 우측 20m","1","DC콤보","급속(100kW동시)","","서울시","","","","","","","","","","","","","","","","","","",""
"마들스포츠타운","서울 노원구 덕릉로 460(노원에코센터) (상계동, 마들체육공원) 지상 1층 우측 20m","2","DC콤보","급속(100kW동시)","","서울시","","","","","","","","","","","","","","","","","","",""
"마들스포츠타운","서울 노원구 덕릉로 460(노원에코센터) (상계동, 마들체육공원) 지상 1층 우측 20m","3","DC콤보","급속(100kW동시)","","서울시","","","","","","","","","","","","","","","","","","",""
"마들스포츠타운","서울 노원구 덕릉로 460(노원에코센터) (상계동, 마들체육공원) 지상 1층 우측 20m","4","DC콤보","급속(100kW동시)","","서울시","","","","","","","","","","","","","","","","","","",""
"마들스포츠타운","서울 노원구 덕릉로 460(노원에코센터) (상계동, 마들체육공원) 지상 1층 우측 20m","5","DC콤보","급속(100kW동시)","","서울시","","","","","","","","","","","","","","","","","","",""
"마들스포츠타운","서울 노원구 덕릉로 460(노원에코센터) (상계동, 마들체육공원) 지상 1층 우측 20m","6","DC콤보","급속(100kW동시)","","서울시","","","","","","","","","","","","","","","","","","",""
"마천동1 공영주차장","서울특별시 송파구 성내천로43길 6 마천동1 공영주차장 1층","1","AC완속","완속(7kW단독)","","서울시","","","","","","","","","","","","","","","","","","",""
"마천동1 공영주차장","서울특별시 송파구 성내천로43길 6 마천동1 공영주차장 1층","2","AC완속","완속(7kW단독)","","서울시","","","","","","","","","","","","","","","","","","",""
"마천동1 공영주차장","서울특별시 송파구 성내천로43길 6 마천동1 공영주차장 1층","3","AC완속","완속(7kW단독)","","서울시","","","","","","","","","","","","","","","","","","",""
"마포농수산물시장","서울특별시 마포구 월드컵로 235 ","1","DC콤보","급속(50kW단독)","","서울시","","","","","","","","","","","","","","","","","","",""
"마포농수산물시장","서울특별시 마포구 월드컵로 235 ","2","DC콤보","급속(100kW단독)","","서울시","","","","","","","","","","","","","","","","","","",""
"마포농수산물시장","서울특별시 마포구 월드컵로 235 ","3","DC콤보","급속(100kW단독)","","서울시","","","","","","","","","","","","","","","","","","",""
"마포농수산물시장","서울특별시 마포구 월드컵로 235 ","4","DC콤보","급속(100kW단독)","","서울시","","","","","","","","","","","","","","","","","","",""
"마포농수산물시장","서울특별시 마포구 월드컵로 235 ","5","DC콤보","급속(100kW단독)","","서울시","","","","","","","","","","","","","","","","","","",""
"마포유수지 공영주차장 ","서울특별시 마포구 마포대로1길 9 ","1","DC콤보","급속(100kW단독)","","서울시","","","","","","","","","","","","","","","","","","",""
"마포유수지 공영주차장 ","서울특별시 마포구 마포대로1길 9 ","2","DC콤보","급속(100kW단독)","","서울시","","","","","","","","","","","","","","","","","","",""
"마포유수지 공영주차장 ","서울특별시 마포구 마포대로1길 9 ","3","DC콤보","급속(100kW단독)","","서울시","","","","","","","","","","","","","","","","","","",""
"마포유수지 공영주차장 ","서울특별시 마포구 마포대로1길 9 ","4","DC콤보","급속(100kW단독)","","서울시","","","","","","","","","","","","","","","","","","",""
"망우역사문화공원 제3주차장","서울특별시 중랑구 망우동 산 56 망우역사문화공원 공영주차장 출구 ","1","DC콤보","급속(50kW단독)","","서울시","","","","","","","","","","","","","","","","","","",""
"망우역사문화공원 제3주차장","서울특별시 중랑구 망우동 산 56 망우역사문화공원 공영주차장 출구 ","2","DC콤보","급속(50kW단독)","","서울시","","","","","","","","","","","","","","","","","","",""
"망우역사문화공원 제3주차장","서울특별시 중랑구 망우동 산 56 망우역사문화공원 공영주차장 출구 ","3","DC콤보","급속(100kW동시)","","서울시","","","","","","","","","","","","","","","","","","",""
"망우역사문화공원 제3주차장","서울특별시 중랑구 망우동 산 56 망우역사문화공원 공영주차장 출구 ","4","DC콤보","급속(100kW동시)","","서울시","","","","","","","","","","","","","","","","","","",""
"망우제2 거주자주차장","서울특별시 중랑구 망우로71길 53 (망우동, 망우제2거주자주차장) 지상1층 진입로 정면 20M","1","DC콤보","급속(50kW단독)","","서울시","","","","","","","","","","","","","","","","","","",""
"망원3 노상공영주차장","서울특별시 마포구 희우정로 125 ","1","DC콤보","급속(50kW단독)","","서울시","","","","","","","","","","","","","","","","","","",""
"면목5동 공영주차장","서울특별시 중랑구 동일로 593 면목5동 공영주차장","1","DC콤보","급속(100kW단독)","","서울시","","","","","","","","","","","","","","","","","","",""
"면목5동 공영주차장","서울특별시 중랑구 동일로 593 면목5동 공영주차장","2","DC콤보","급속(100kW단독)","","서울시","","","","","","","","","","","","","","","","","","",""
"면일초등학교 공영주차장","서울특별시 중랑구 용마산로100길 13 면일초등학교 공영주차장","1","DC콤보","급속(50kW단독)","","서울시","","","","","","","","","","","","","","","","","","",""
"면일초등학교 공영주차장","서울특별시 중랑구 용마산로100길 13 면일초등학교 공영주차장","2","DC콤보","급속(100kW단독)","","서울시","","","","","","","","","","","","","","","","","","",""
"면일초등학교 공영주차장","서울특별시 중랑구 용마산로100길 13 면일초등학교 공영주차장","3","DC콤보","급속(100kW단독)","","서울시","","","","","","","","","","","","","","","","","","",""
"명일동 거주자주차장(127번)","서울특별시 강동구 명일동 51-1 유료 127번","1","DC콤보","급속(50kW단독)","","서울시","","","","","","","","","","","","","","","","","","",""
"명일동 거주자주차장(134번)","서울특별시 강동구 명일동 51-1 유료 134번 구획","1","DC콤보","급속(50kW단독)","","서울시","","","","","","","","","","","","","","","","","","",""
"목동공영주차장","서울특별시 양천구 목동동로 298 목동공영주차장","1","DC콤보","급속(100kW단독)","","서울시","","","","","","","","","","","","","","","","","","",""
"목동공영주차장","서울특별시 양천구 목동동로 298 목동공영주차장","2","DC콤보","급속(100kW단독)","","서울시","","","","","","","","","","","","","","","","","","",""
"목동공영주차장","서울특별시 양천구 목동동로 298 목동공영주차장","3","DC콤보","급속(100kW단독)","","서울시","","","","","","","","","","","","","","","","","","",""
"목동공영주차장","서울특별시 양천구 목동동로 298 목동공영주차장","4","DC콤보","급속(100kW단독)","","서울시","","","","","","","","","","","","","","","","","","",""
"목동공영주차장","서울특별시 양천구 목동동로 298 목동공영주차장","5","DC콤보","급속(100kW단독)","","서울시","","","","","","","","","","","","","","","","","","",""
"목동공영주차장","서울특별시 양천구 목동동로 298 목동공영주차장","6","DC콤보","급속(100kW단독)","","서울시","","","","","","","","","","","","","","","","","","",""
"목동공영주차장","서울특별시 양천구 목동동로 298 목동공영주차장","7","DC콤보","급속(100kW단독)","","서울시","","","","","","","","","","","","","","","","","","",""
"목동공영주차장","서울특별시 양천구 목동동로 298 목동공영주차장","8","DC콤보","급속(100kW단독)","","서울시","","","","","","","","","","","","","","","","","","",""
"목동공영주차장","서울특별시 양천구 목동동로 298 목동공영주차장","9","DC콤보","급속(100kW단독)","","서울시","","","","","","","","","","","","","","","","","","",""
"목동공영주차장","서울특별시 양천구 목동동로 298 목동공영주차장","10","DC콤보","급속(100kW단독)","","서울시","","","","","","","","","","","","","","","","","","",""
"목동공영주차장","서울특별시 양천구 목동동로 298 목동공영주차장","11","DC콤보","급속(100kW단독)","","서울시","","","","","","","","","","","","","","","","","","",""
"목동공영주차장","서울특별시 양천구 목동동로 298 목동공영주차장","12","DC콤보","급속(100kW단독)","","서울시","","","","","","","","","","","","","","","","","","",""
"목동공영주차장","서울특별시 양천구 목동동로 298 목동공영주차장","13","DC콤보","급속(100kW단독)","","서울시","","","","","","","","","","","","","","","","","","",""
"문정근린공원 공영주차장","서울특별시 송파구 문정로 지하12 문정근린공원 공영주차장","1","AC완속","완속(7kW단독)","","서울시","","","","","","","","","","","","","","","","","","",""
"문정근린공원 공영주차장","서울특별시 송파구 문정로 지하12 문정근린공원 공영주차장","2","AC완속","완속(7kW단독)","","서울시","","","","","","","","","","","","","","","","","","",""
"문정근린공원 공영주차장","서울특별시 송파구 문정로 지하12 문정근린공원 공영주차장","3","AC완속","완속(7kW단독)","","서울시","","","","","","","","","","","","","","","","","","",""
"문정동 세광교회 앞 전기차 충전소","서울특별시 송파구 동남로4길 37 세광교회 앞","1","AC완속","완속(7kW단독)","","서울시","","","","","","","","","","","","","","","","","","",""
"문화재청 궁능유적본부","서울특별시 강남구 선릉로100길 1 문화재청 궁능유적본부","1","AC완속","완속(7kW단독)","","서울시","","","","","","","","","","","","","","","","","","",""
"문화재청 궁능유적본부","서울특별시 강남구 선릉로100길 1 문화재청 궁능유적본부","2","AC완속","완속(7kW단독)","","서울시","","","","","","","","","","","","","","","","","","",""
"미아동 도봉세무서 앞 전기차 충전소","서울특별시 강북구 도봉로 117 ","1","AC완속","완속(7kW단독)","","서울시","","","","","","","","","","","","","","","","","","",""
"미아동 축산농협 전기차 충전소","서울특별시 강북구 도봉로 136 ","1","AC완속","완속(7kW단독)","","서울시","","","","","","","","","","","","","","","","","","",""
"미아동 축산농협 전기차 충전소","서울특별시 강북구 도봉로 136 ","2","AC완속","완속(7kW단독)","","서울시","","","","","","","","","","","","","","","","","","",""
"미아동공영주차장","서울특별시 강북구 도봉로61길 46 옥상층","1","DC콤보","급속(50kW단독)","","서울시","","","","","","","","","","","","","","","","","","",""
"미화어린이공원 주차장","서울특별시 도봉구 도봉로130길 13-17 굿윌스토어 앞","1","DC콤보","급속(50kW단독)","","서울시","","","","","","","","","","","","","","","","","","",""
"반포복개천 노상공영주차장","서울특별시 서초구 고무래로 35-2 반포복개천 노상공영주차장","1","DC콤보","급속(50kW단독)","","서울시","","","","","","","","","","","","","","","","","","",""
"방학동 도깨비시장 공영주차장","서울특별시 도봉구 방학로10길 51 지상층","1","DC콤보","급속(50kW단독)","","서울시","","","","","","","","","","","","","","","","","","",""
"방화로 노상공영주차장","서울특별시 강서구 방화대로 139 유료 30번 구획","1","DC콤보","급속(50kW단독)","","서울시","","","","","","","","","","","","","","","","","","",""
"배봉공영주차장","서울특별시 동대문구 망우로18나길 20 배봉공영주차장 지하1층","1","DC콤보","급속(100kW동시)","","서울시","","","","","","","","","","","","","","","","","","",""
"배봉공영주차장","서울특별시 동대문구 망우로18나길 20 배봉공영주차장 지하1층","2","DC콤보","급속(100kW동시)","","서울시","","","","","","","","","","","","","","","","","","",""
"보라매공원 정문주차장","서울특별시 동작구 여의대방로20길 33 보라매공원 정문주차장","1","DC콤보","급속(100kW단독)","","서울시","","","","","","","","","","","","","","","","","","",""
"보라매공원 정문주차장","서울특별시 동작구 여의대방로20길 33 보라매공원 정문주차장","2","DC콤보","급속(100kW단독)","","서울시","","","","","","","","","","","","","","","","","","",""
"복정역 공영주차장","서울특별시 송파구 송파대로 지하6 (장지동, 복정역공영주차장) 지상1층 정면 직진 20M 후 좌측 지점","1","DC콤보","급속(50kW동시)","","서울시","","","","","","","","","","","","","","","","","","",""
"복정역 공영주차장","서울특별시 송파구 송파대로 지하6 (장지동, 복정역공영주차장) 지상1층 정면 직진 20M 후 좌측 지점","2","DC콤보","급속(50kW동시)","","서울시","","","","","","","","","","","","","","","","","","",""
"봉화산역(남) 공영주차장(구)","중랑구 신내동 647-0","172382","NW","노외 주차장","1","시간제 주차장","","0000","2200","0000","2200","0000","2200","86","유료","80.0","5.0","80.0","5.0","","","37.6164241597896","127.091953513365","카카오","2026-06-29 19:22:39"
"봉화산역(남) 공영주차장(구)","중랑구 신내동 647-0","172382","NW","노외 주차장","1","시간제 주차장","","0000","2200","0000","2200","0000","2200","86","유료","80.0","5.0","80.0","5.0","","","37.6164241597896","127.091953513365","카카오","2026-06-29 19:22:39"
"북가좌동 공영주차장 전기차 충전소","서울특별시 서대문구 거북골로14길 86 거주자우선공영주차장","1","AC완속","완속(7kW단독)","","서울시","","","","","","","","","","","","","","","","","","",""
"북악골프연습장","서울특별시 성북구 북악산로 537-14 북악골프연습장","1","DC콤보","급속(50kW동시)","","서울시","","","","","","","","","","","","","","","","","","",""
"북악골프연습장","서울특별시 성북구 북악산로 537-14 북악골프연습장","2","DC콤보","급속(50kW동시)","","서울시","","","","","","","","","","","","","","","","","","",""
"북악골프연습장","서울특별시 성북구 북악산로 537-14 북악골프연습장","3","DC콤보","급속(100kW단독)","","서울시","","","","","","","","","","","","","","","","","","",""
"불암산공영주차장","서울특별시 노원구 덕릉로94길 73 불암산공영주차장","1","DC콤보","급속(100kW동시)","","서울시","","","","","","","","","","","","","","","","","","",""
"불암산공영주차장","서울특별시 노원구 덕릉로94길 73 불암산공영주차장","2","DC콤보","급속(100kW동시)","","서울시","","","","","","","","","","","","","","","","","","",""
"불암산스포츠타운","서울 노원구 중계로 36(불암산스포츠타운) (공릉동, 불암산스포츠타운) 지상1층 우측 5m","1","DC콤보","급속(100kW단독)","","서울시","","","","","","","","","","","","","","","","","","",""
"빙수골 거주자우선주차장","서울시 동작구 상도동 299-16 ","1","DC콤보","급속(50kW단독)","","서울시","","","","","","","","","","","","","","","","","","",""
"사당5동 주민센터 거주자주차장","서울특별시 동작구 사당로2가길 219 거주자주차장 14번","1","DC콤보","급속(50kW단독)","","서울시","","","","","","","","","","","","","","","","","","",""
"사당문화회관 부설주차장","서울시 동작구 사당동 232-1 ","1","DC콤보","급속(50kW단독)","","서울시","","","","","","","","","","","","","","","","","","",""
"사당종합체육관","서울특별시 동작구 사당로27길 232 사당종합체육관 지하주차장","1","AC완속","완속(7kW단독)","","서울시","","","","","","","","","","","","","","","","","","",""
"삼전동 공영주차장","서울특별시 송파구 백제고분로32길 25-17 삼전동 공영주차장 지상 3층","1","AC완속","완속(7kW단독)","","서울시","","","","","","","","","","","","","","","","","","",""
"삼전동 공영주차장","서울특별시 송파구 백제고분로32길 25-17 삼전동 공영주차장 지상 3층","2","AC완속","완속(7kW단독)","","서울시","","","","","","","","","","","","","","","","","","",""
"삼전동 공영주차장","서울특별시 송파구 백제고분로32길 25-17 삼전동 공영주차장 지상 3층","3","AC완속","완속(7kW단독)","","서울시","","","","","","","","","","","","","","","","","","",""
"상계구민체육센터","서울 노원구 덕릉로 748 (상계동, 상계구민체육센터) 지하1층 좌측 끝","1","DC콤보","급속(100kW단독)","","서울시","","","","","","","","","","","","","","","","","","",""
"서대문구청 주차장","서울특별시 서대문구 연희로 248 전기차 충전소","1","DC콤보","급속(50kW단독)","","서울시","","","","","","","","","","","","","","","","","","",""
"서소문청사(지상)","서울특별시 중구 덕수궁길 15 지상1층 진입로 오른쪽 5M지점","1","DC콤보","급속(120kW동시)","","서울시","","","","","","","","","","","","","","","","","","",""
"서소문청사(지상)","서울특별시 중구 덕수궁길 15 지상1층 진입로 오른쪽 5M지점","2","DC콤보","급속(120kW동시)","","서울시","","","","","","","","","","","","","","","","","","",""
"서소문청사(지하주차장)","서울특별시 중구 덕수궁길 15 (서소문동, 서소문별관) 지하 진입로 직진 20M 지점","1","DC콤보","급속(50kW동시)","","서울시","","","","","","","","","","","","","","","","","","",""
"서소문청사(지하주차장)","서울특별시 중구 덕수궁길 15 (서소문동, 서소문별관) 지하 진입로 직진 20M 지점","2","DC콤보","급속(50kW동시)","","서울시","","","","","","","","","","","","","","","","","","",""
"서소문청사(지하주차장)","서울특별시 중구 덕수궁길 15 (서소문동, 서소문별관) 지하 진입로 직진 20M 지점","3","DC콤보","급속(50kW동시)","","서울시","","","","","","","","","","","","","","","","","","",""
"서소문청사(지하주차장)","서울특별시 중구 덕수궁길 15 (서소문동, 서소문별관) 지하 진입로 직진 20M 지점","4","DC콤보","급속(50kW동시)","","서울시","","","","","","","","","","","","","","","","","","",""
"서소문청사(지하주차장)","서울특별시 중구 덕수궁길 15 (서소문동, 서소문별관) 지하 진입로 직진 20M 지점","5","AC완속","완속(7kW단독)","","서울시","","","","","","","","","","","","","","","","","","",""
"서소문청사(후생동)","서울특별시 중구 덕수궁길 15 (서소문동, 서소문청사후생동) 지상1층 주차장","1","AC완속","완속(7kW단독)","","서울시","","","","","","","","","","","","","","","","","","",""
"서울물재생시설공단","서울특별시 강남구 일원동 580 공단 본사 주차장","1","DC콤보","급속(100kW동시)","","서울시","","","","","","","","","","","","","","","","","","",""
"서울물재생시설공단","서울특별시 강남구 일원동 580 공단 본사 주차장","2","DC콤보","급속(100kW동시)","","서울시","","","","","","","","","","","","","","","","","","",""
"서울숲공원주차장","서울특별시 성동구 왕십리로 27 서울숲공원 주차장","1","DC콤보","급속(100kW동시)","","서울시","","","","","","","","","","","","","","","","","","",""
"서울숲공원주차장","서울특별시 성동구 왕십리로 27 서울숲공원 주차장","2","DC콤보","급속(100kW동시)","","서울시","","","","","","","","","","","","","","","","","","",""
"서울숲공원주차장","서울특별시 성동구 왕십리로 27 서울숲공원 주차장","3","DC콤보","급속(50kW동시)","","서울시","","","","","","","","","","","","","","","","","","",""
"서울숲공원주차장","서울특별시 성동구 왕십리로 27 서울숲공원 주차장","4","DC콤보","급속(50kW동시)","","서울시","","","","","","","","","","","","","","","","","","",""
"서울시 본관청사","서울특별시 중구 세종대로 110 (태평로1가, 서울특별시청) 지하2층 24번 기둥","5","DC콤보","급속(50kW동시)","","서울시","","","","","","","","","","","","","","","","","","",""
"서울시 본관청사","서울특별시 중구 세종대로 110 (태평로1가, 서울특별시청) 지하2층 24번 기둥","6","DC콤보","급속(50kW동시)","","서울시","","","","","","","","","","","","","","","","","","",""
"서울시 본관청사","서울특별시 중구 세종대로 110 (태평로1가, 서울특별시청) 지하2층 24번 기둥","7","DC콤보","급속(50kW동시)","","서울시","","","","","","","","","","","","","","","","","","",""
"서울시 본관청사","서울특별시 중구 세종대로 110 (태평로1가, 서울특별시청) 지하2층 24번 기둥","8","DC콤보","급속(50kW단독)","","서울시","","","","","","","","","","","","","","","","","","",""
"서울연극창작센터","서울특별시 성북구 동소문로 1 1-4","1","DC콤보","급속(100kW동시)","","서울시","","","","","","","","","","","","","","","","","","",""
"서울연극창작센터","서울특별시 성북구 동소문로 1 1-4","2","DC콤보","급속(100kW동시)","","서울시","","","","","","","","","","","","","","","","","","",""
"서울월드컵경기장 ","서울특별시 마포구 월드컵로 240 ","1","DC콤보","급속(100kW단독)","","서울시","","","","","","","","","","","","","","","","","","",""
"서울월드컵경기장 ","서울특별시 마포구 월드컵로 240 ","2","DC콤보","급속(100kW단독)","","서울시","","","","","","","","","","","","","","","","","","",""
"서울월드컵경기장 ","서울특별시 마포구 월드컵로 240 ","3","DC콤보","급속(100kW단독)","","서울시","","","","","","","","","","","","","","","","","","",""
"서울월드컵경기장 ","서울특별시 마포구 월드컵로 240 ","4","DC콤보","급속(100kW단독)","","서울시","","","","","","","","","","","","","","","","","","",""
"서울월드컵경기장 ","서울특별시 마포구 월드컵로 240 ","5","DC콤보","급속(100kW단독)","","서울시","","","","","","","","","","","","","","","","","","",""
"서울월드컵경기장 ","서울특별시 마포구 월드컵로 240 ","6","DC콤보","급속(100kW단독)","","서울시","","","","","","","","","","","","","","","","","","",""
"서울월드컵경기장 ","서울특별시 마포구 월드컵로 240 ","7","DC콤보","급속(100kW단독)","","서울시","","","","","","","","","","","","","","","","","","",""
"서울월드컵경기장 ","서울특별시 마포구 월드컵로 240 ","8","DC콤보","급속(100kW단독)","","서울시","","","","","","","","","","","","","","","","","","",""
"서울월드컵경기장 ","서울특별시 마포구 월드컵로 240 ","9","DC콤보","급속(100kW단독)","","서울시","","","","","","","","","","","","","","","","","","",""
"서울월드컵경기장 ","서울특별시 마포구 월드컵로 240 ","10","DC콤보","급속(100kW단독)","","서울시","","","","","","","","","","","","","","","","","","",""
"서울월드컵경기장 ","서울특별시 마포구 월드컵로 240 ","11","DC콤보","급속(100kW단독)","","서울시","","","","","","","","","","","","","","","","","","",""
"서울월드컵경기장 ","서울특별시 마포구 월드컵로 240 ","12","DC콤보","급속(100kW단독)","","서울시","","","","","","","","","","","","","","","","","","",""
"서울월드컵경기장 ","서울특별시 마포구 월드컵로 240 ","13","DC콤보","급속(100kW단독)","","서울시","","","","","","","","","","","","","","","","","","",""
"서울월드컵경기장 ","서울특별시 마포구 월드컵로 240 ","14","DC콤보","급속(100kW단독)","","서울시","","","","","","","","","","","","","","","","","","",""
"서울월드컵경기장 ","서울특별시 마포구 월드컵로 240 ","15","DC콤보","급속(100kW단독)","","서울시","","","","","","","","","","","","","","","","","","",""
"서울특별시 동부기술교육원","경기도 안양시 동안구 시민대로 300 111","1","DC콤보","급속(50kW동시)","","서울시","","","","","","","","","","","","","","","","","","",""
"서울특별시 동부기술교육원","경기도 안양시 동안구 시민대로 300 111","2","DC콤보","급속(50kW동시)","","서울시","","","","","","","","","","","","","","","","","","",""
"서울특별시 동부기술교육원","경기도 안양시 동안구 시민대로 300 111","3","DC콤보","급속(50kW동시)","","서울시","","","","","","","","","","","","","","","","","","",""
"서울특별시 동부기술교육원","경기도 안양시 동안구 시민대로 300 111","4","DC콤보","급속(50kW동시)","","서울시","","","","","","","","","","","","","","","","","","",""
"석계역 공영주차장(문화공원 옆)","서울 노원구 월계동 50-1(더조은요양병원) (월계동, 석계역 공영주차장) 지상1층 진입로 우측 50m","1","DC콤보","급속(100kW동시)","","서울시","","","","","","","","","","","","","","","","","","",""
"석계역 공영주차장(문화공원 옆)","서울 노원구 월계동 50-1(더조은요양병원) (월계동, 석계역 공영주차장) 지상1층 진입로 우측 50m","2","DC콤보","급속(100kW동시)","","서울시","","","","","","","","","","","","","","","","","","",""
"석계역 공영주차장(석계역 앞)","서울 노원구 월계동 64-2(운기빌라) (월계동, 석계역 공영주차장) 지상 1층 10m","1","DC콤보","급속(100kW동시)","","서울시","","","","","","","","","","","","","","","","","","",""
"석계역 공영주차장(석계역 앞)","서울 노원구 월계동 64-2(운기빌라) (월계동, 석계역 공영주차장) 지상 1층 10m","2","DC콤보","급속(100kW동시)","","서울시","","","","","","","","","","","","","","","","","","",""
"석관동공영주차장","서울특별시 성북구 돌곶이로11길 10 석관동공영주차장","1","DC콤보","급속(50kW동시)","","서울시","","","","","","","","","","","","","","","","","","",""
"석관동공영주차장","서울특별시 성북구 돌곶이로11길 10 석관동공영주차장","2","DC콤보","급속(50kW동시)","","서울시","","","","","","","","","","","","","","","","","","",""
"석관동공영주차장","서울특별시 성북구 돌곶이로11길 10 석관동공영주차장","3","DC콤보","급속(50kW동시)","","서울시","","","","","","","","","","","","","","","","","","",""
"석관동공영주차장","서울특별시 성북구 돌곶이로11길 10 석관동공영주차장","4","DC콤보","급속(50kW동시)","","서울시","","","","","","","","","","","","","","","","","","",""
"성동구 마장동 거주자우선주차장 가로등형 충전기","서울특별시 성동구 마장동 775-2 트레저힐스 (서울특별시 성동구 마조로19길 18 전기차 충전소)","1","DC콤보","급속(50kW단독)","","서울시","","","","","","","","","","","","","","","","","","",""
"성동구청","서울특별시 성동구 고산자로 270 (행당동, 성동구청) 지하2층 F7번 구역","1","DC차데모+AC3상+DC콤보","급속(50kW단독)","","서울시","","","","","","","","","","","","","","","","","","",""
"성북구의회","서울특별시 성북구 북악산로 949-60 성북구의회 주차장","1","DC콤보","급속(50kW단독)","","서울시","","","","","","","","","","","","","","","","","","",""
"송월동차고지","서울특별시 종로구 송월길 52 (송월동, 국립기상박물관) 지상1층 주차장 왼쪽 5M(급속), 오른쪽 5M(완속)","4","DC콤보","급속(100kW동시)","","서울시","","","","","","","","","","","","","","","","","","",""
"송월동차고지","서울특별시 종로구 송월길 52 (송월동, 국립기상박물관) 지상1층 주차장 왼쪽 5M(급속), 오른쪽 5M(완속)","5","DC콤보","급속(100kW동시)","","서울시","","","","","","","","","","","","","","","","","","",""
"송월동차고지","서울특별시 종로구 송월길 52 (송월동, 국립기상박물관) 지상1층 주차장 왼쪽 5M(급속), 오른쪽 5M(완속)","8","DC콤보","급속(100kW동시)","","서울시","","","","","","","","","","","","","","","","","","",""
"송월동차고지","서울특별시 종로구 송월길 52 (송월동, 국립기상박물관) 지상1층 주차장 왼쪽 5M(급속), 오른쪽 5M(완속)","9","DC콤보","급속(100kW단독)","","서울시","","","","","","","","","","","","","","","","","","",""
"송월동차고지","서울특별시 종로구 송월길 52 (송월동, 국립기상박물관) 지상1층 주차장 왼쪽 5M(급속), 오른쪽 5M(완속)","10","DC콤보","급속(50kW동시)","","서울시","","","","","","","","","","","","","","","","","","",""
"송월동차고지","서울특별시 종로구 송월길 52 (송월동, 국립기상박물관) 지상1층 주차장 왼쪽 5M(급속), 오른쪽 5M(완속)","11","DC콤보","급속(50kW단독)","","서울시","","","","","","","","","","","","","","","","","","",""
"송월동차고지","서울특별시 종로구 송월길 52 (송월동, 국립기상박물관) 지상1층 주차장 왼쪽 5M(급속), 오른쪽 5M(완속)","12","AC완속","완속(7kW단독)","","서울시","","","","","","","","","","","","","","","","","","",""
"송월동차고지","서울특별시 종로구 송월길 52 (송월동, 국립기상박물관) 지상1층 주차장 왼쪽 5M(급속), 오른쪽 5M(완속)","13","AC완속","완속(7kW단독)","","서울시","","","","","","","","","","","","","","","","","","",""
"송월동차고지","서울특별시 종로구 송월길 52 (송월동, 국립기상박물관) 지상1층 주차장 왼쪽 5M(급속), 오른쪽 5M(완속)","14","AC완속","완속(7kW단독)","","서울시","","","","","","","","","","","","","","","","","","",""
"송월동차고지","서울특별시 종로구 송월길 52 (송월동, 국립기상박물관) 지상1층 주차장 왼쪽 5M(급속), 오른쪽 5M(완속)","15","AC완속","완속(7kW단독)","","서울시","","","","","","","","","","","","","","","","","","",""
"송월동차고지","서울특별시 종로구 송월길 52 (송월동, 국립기상박물관) 지상1층 주차장 왼쪽 5M(급속), 오른쪽 5M(완속)","16","AC완속","완속(7kW단독)","","서울시","","","","","","","","","","","","","","","","","","",""
"송월동차고지","서울특별시 종로구 송월길 52 (송월동, 국립기상박물관) 지상1층 주차장 왼쪽 5M(급속), 오른쪽 5M(완속)","17","AC완속","완속(7kW단독)","","서울시","","","","","","","","","","","","","","","","","","",""
"송월동차고지","서울특별시 종로구 송월길 52 (송월동, 국립기상박물관) 지상1층 주차장 왼쪽 5M(급속), 오른쪽 5M(완속)","18","AC완속","완속(7kW단독)","","서울시","","","","","","","","","","","","","","","","","","",""
"송정동주민센터","서울특별시 성동구 동일로43길 13 송정동주민센터","1","DC콤보","급속(100kW단독)","","서울시","","","","","","","","","","","","","","","","","","",""
"수락산 근린공원 공영주차장","서울특별시 노원구 상계동 14 (상계동, 수락산 공영주차장) 지상1층 정면 10m","1","DC콤보","급속(100kW동시)","","서울시","","","","","","","","","","","","","","","","","","",""
"수락산 근린공원 공영주차장","서울특별시 노원구 상계동 14 (상계동, 수락산 공영주차장) 지상1층 정면 10m","2","DC콤보","급속(100kW동시)","","서울시","","","","","","","","","","","","","","","","","","",""
"수락산당고개공원","서울 노원구 상계로 273 (상계동, 수락산당고개지구공원) 지상1층 정면 10m","1","DC콤보","급속(100kW단독)","","서울시","","","","","","","","","","","","","","","","","","",""
"수락산당고개공원","서울 노원구 상계로 273 (상계동, 수락산당고개지구공원) 지상1층 정면 10m","2","DC콤보","급속(100kW단독)","","서울시","","","","","","","","","","","","","","","","","","",""
"수락산디자인거리","서울 노원구 동일로242길 67 (상계동, 수락산디자인거리) 휴플러스수락한신아파트 앞 노상공영주차장","1","DC콤보","급속(100kW단독)","","서울시","","","","","","","","","","","","","","","","","","",""
"수락산디자인거리","서울 노원구 동일로242길 67 (상계동, 수락산디자인거리) 휴플러스수락한신아파트 앞 노상공영주차장","2","DC콤보","급속(100kW단독)","","서울시","","","","","","","","","","","","","","","","","","",""
"수락산디자인거리 공영주차장","서울특별시 노원구 상계동 1119 해주네 곰탕 앞","1","DC콤보","급속(50kW단독)","","서울시","","","","","","","","","","","","","","","","","","",""
"수락산스포츠타운","서울 노원구 상계동 123-1(체육시설 관리동) (상계동, 수락산스포츠타운) 지상1층 우측 5m","1","DC콤보","급속(50kW단독)","","서울시","","","","","","","","","","","","","","","","","","",""
"수서역 공영주차장 복합충전소","서울특별시 강남구 광평로47길 28 (수서동, 수서역 공영주차장) 지상1층 정면 10M지점","1","DC콤보","급속(200kW동시)","","서울시","","","","","","","","","","","","","","","","","","",""
"수서역 공영주차장 복합충전소","서울특별시 강남구 광평로47길 28 (수서동, 수서역 공영주차장) 지상1층 정면 10M지점","2","DC콤보","급속(200kW동시)","","서울시","","","","","","","","","","","","","","","","","","",""
"수서역 공영주차장 복합충전소","서울특별시 강남구 광평로47길 28 (수서동, 수서역 공영주차장) 지상1층 정면 10M지점","3","DC콤보","급속(200kW동시)","","서울시","","","","","","","","","","","","","","","","","","",""
"수서역 공영주차장 복합충전소","서울특별시 강남구 광평로47길 28 (수서동, 수서역 공영주차장) 지상1층 정면 10M지점","4","DC콤보","급속(200kW동시)","","서울시","","","","","","","","","","","","","","","","","","",""
"수서역 공영주차장 복합충전소","서울특별시 강남구 광평로47길 28 (수서동, 수서역 공영주차장) 지상1층 정면 10M지점","5","DC콤보","급속(200kW동시)","","서울시","","","","","","","","","","","","","","","","","","",""
"수서역 공영주차장 복합충전소","서울특별시 강남구 광평로47길 28 (수서동, 수서역 공영주차장) 지상1층 정면 10M지점","6","DC콤보","급속(200kW동시)","","서울시","","","","","","","","","","","","","","","","","","",""
"수유동 가오천 공영주차장 전기차 충전소","서울특별시 강북구 한천로150길 20 ","1","AC완속","완속(7kW단독)","","서울시","","","","","","","","","","","","","","","","","","",""
"숭인도담공영주차장","서울특별시 종로구 숭인동길 81 숭인도담공영주차장","1","DC콤보","급속(100kW단독)","","서울시","","","","","","","","","","","","","","","","","","",""
"시립서부노인전문요양센터","서울특별시 마포구 월드컵로36길 15 지상 주차장","1","AC완속","완속(7kW단독)","","서울시","","","","","","","","","","","","","","","","","","",""
"신대방동 거주자우선주차장","서울특별시 동작구 시흥대로 596 가6번 구획","1","DC콤보","급속(50kW단독)","","서울시","","","","","","","","","","","","","","","","","","",""
"신도림역 공영주차장 ","서울특별시 구로구 새말로 111 구로미래도서관 주차장 ","1","DC콤보","급속(50kW단독)","","서울시","","","","","","","","","","","","","","","","","","",""
"신도림역 공영주차장 ","서울특별시 구로구 새말로 111 구로미래도서관 주차장 ","2","DC콤보","급속(50kW단독)","","서울시","","","","","","","","","","","","","","","","","","",""
"신사1동 공동주차장 ","서울특별시 은평구 신사동 23-16 ","1","DC콤보","급속(100kW단독)","","서울시","","","","","","","","","","","","","","","","","","",""
"신사1동 공동주차장 ","서울특별시 은평구 신사동 23-16 ","2","DC콤보","급속(100kW단독)","","서울시","","","","","","","","","","","","","","","","","","",""
"신월5동 복개 노상공영주차장","서울특별시 양천구 남부순환로 331 메디힐병원 뒤 요금정산소 인근","1","DC콤보","급속(50kW단독)","","서울시","","","","","","","","","","","","","","","","","","",""
"신정4동길 노상공영주차장","서울특별시 양천구 신정중앙로 35 쌍용자동차 앞","1","DC콤보","급속(50kW단독)","","서울시","","","","","","","","","","","","","","","","","","",""
"신정4동길 노상공영주차장","서울특별시 양천구 신정중앙로 35 쌍용자동차 앞","2","DC콤보","급속(50kW단독)","","서울시","","","","","","","","","","","","","","","","","","",""
"신창동 공영주차장","서울특별시 용산구 원효로35길 53 신창동 공영주차장","1","DC콤보","급속(100kW단독)","","서울시","","","","","","","","","","","","","","","","","","",""
"아현2구역 공영주차장","서울특별시 마포구 신촌로28길 29 ","1","DC콤보","급속(50kW단독)","","서울시","","","","","","","","","","","","","","","","","","",""
"아현2구역 공영주차장","서울특별시 마포구 신촌로28길 29 ","2","DC콤보","급속(50kW단독)","","서울시","","","","","","","","","","","","","","","","","","",""
"아현2구역 공영주차장","서울특별시 마포구 신촌로28길 29 ","3","DC콤보","급속(50kW단독)","","서울시","","","","","","","","","","","","","","","","","","",""
"아현2구역 공영주차장","서울특별시 마포구 신촌로28길 29 ","4","DC콤보","급속(50kW단독)","","서울시","","","","","","","","","","","","","","","","","","",""
"아현2구역 공영주차장","서울특별시 마포구 신촌로28길 29 ","5","DC콤보","급속(50kW단독)","","서울시","","","","","","","","","","","","","","","","","","",""
"아현2구역 공영주차장","서울특별시 마포구 신촌로28길 29 ","6","DC콤보","급속(50kW단독)","","서울시","","","","","","","","","","","","","","","","","","",""
"아현2구역 공영주차장","서울특별시 마포구 신촌로28길 29 ","7","DC콤보","급속(50kW단독)","","서울시","","","","","","","","","","","","","","","","","","",""
"앵봉산가족캠핑장","서울특별시 은평구 통일로 1055 ","1","DC콤보","급속(100kW단독)","","서울시","","","","","","","","","","","","","","","","","","",""
"앵봉산가족캠핑장","서울특별시 은평구 통일로 1055 ","2","DC콤보","급속(100kW단독)","","서울시","","","","","","","","","","","","","","","","","","",""
"양재솔라스테이션","서울특별시 서초구 바우뫼로12길 73 (양재동, 양재솔라스테이션) 지상1층 진입로 오른쪽 5M 지점","1","DC차데모+DC콤보","급속(50kW동시)","","서울시","","","","","","","","","","","","","","","","","","",""
"양재솔라스테이션","서울특별시 서초구 바우뫼로12길 73 (양재동, 양재솔라스테이션) 지상1층 진입로 오른쪽 5M 지점","2","DC차데모+DC콤보","급속(50kW동시)","","서울시","","","","","","","","","","","","","","","","","","",""
"양재솔라스테이션","서울특별시 서초구 바우뫼로12길 73 (양재동, 양재솔라스테이션) 지상1층 진입로 오른쪽 5M 지점","3","DC차데모+DC콤보","급속(50kW동시)","","서울시","","","","","","","","","","","","","","","","","","",""
"양재솔라스테이션","서울특별시 서초구 바우뫼로12길 73 (양재동, 양재솔라스테이션) 지상1층 진입로 오른쪽 5M 지점","4","DC차데모+DC콤보","급속(50kW동시)","","서울시","","","","","","","","","","","","","","","","","","",""
"양재솔라스테이션","서울특별시 서초구 바우뫼로12길 73 (양재동, 양재솔라스테이션) 지상1층 진입로 오른쪽 5M 지점","5","DC차데모+DC콤보","급속(50kW동시)","","서울시","","","","","","","","","","","","","","","","","","",""
"양재솔라스테이션","서울특별시 서초구 바우뫼로12길 73 (양재동, 양재솔라스테이션) 지상1층 진입로 오른쪽 5M 지점","6","DC차데모+DC콤보","급속(50kW동시)","","서울시","","","","","","","","","","","","","","","","","","",""
"양재솔라스테이션","서울특별시 서초구 바우뫼로12길 73 (양재동, 양재솔라스테이션) 지상1층 진입로 오른쪽 5M 지점","7","DC콤보","급속(50kW동시)","","서울시","","","","","","","","","","","","","","","","","","",""
"양재솔라스테이션","서울특별시 서초구 바우뫼로12길 73 (양재동, 양재솔라스테이션) 지상1층 진입로 오른쪽 5M 지점","8","DC콤보","급속(50kW동시)","","서울시","","","","","","","","","","","","","","","","","","",""
"양재솔라스테이션","서울특별시 서초구 바우뫼로12길 73 (양재동, 양재솔라스테이션) 지상1층 진입로 오른쪽 5M 지점","9","DC콤보","급속(50kW동시)","","서울시","","","","","","","","","","","","","","","","","","",""
"양재솔라스테이션","서울특별시 서초구 바우뫼로12길 73 (양재동, 양재솔라스테이션) 지상1층 진입로 오른쪽 5M 지점","10","DC콤보","급속(50kW동시)","","서울시","","","","","","","","","","","","","","","","","","",""
"양재솔라스테이션","서울특별시 서초구 바우뫼로12길 73 (양재동, 양재솔라스테이션) 지상1층 진입로 오른쪽 5M 지점","11","DC콤보","급속(100kW동시)","","서울시","","","","","","","","","","","","","","","","","","",""
"양재솔라스테이션","서울특별시 서초구 바우뫼로12길 73 (양재동, 양재솔라스테이션) 지상1층 진입로 오른쪽 5M 지점","12","DC콤보","급속(100kW동시)","","서울시","","","","","","","","","","","","","","","","","","",""
"양천구민체육센터","서울특별시 양천구 목동동로 87 ","1","DC콤보","급속(100kW동시)","","서울시","","","","","","","","","","","","","","","","","","",""
"양천구민체육센터","서울특별시 양천구 목동동로 87 ","2","DC콤보","급속(100kW동시)","","서울시","","","","","","","","","","","","","","","","","","",""
"양천구청","서울특별시 양천구 목동동로 105 (신정동, 양천구청) 지상1층 진입로 우측 10M 지점","1","DC차데모+AC3상+DC콤보","급속(50kW단독)","","서울시","","","","","","","","","","","","","","","","","","",""
"어린이대공원 구의문 주차장 복합충전소","서울특별시 광진구 능동로 216 (능동, 어린이대공원 구의문공영주차장) 지상1층 진입로 정면 10M지점","1","DC콤보","급속(200kW동시)","","서울시","","","","","","","","","","","","","","","","","","",""
"어린이대공원 구의문 주차장 복합충전소","서울특별시 광진구 능동로 216 (능동, 어린이대공원 구의문공영주차장) 지상1층 진입로 정면 10M지점","2","DC콤보","급속(200kW동시)","","서울시","","","","","","","","","","","","","","","","","","",""
"어린이대공원 구의문 주차장 복합충전소","서울특별시 광진구 능동로 216 (능동, 어린이대공원 구의문공영주차장) 지상1층 진입로 정면 10M지점","3","DC콤보","급속(200kW동시)","","서울시","","","","","","","","","","","","","","","","","","",""
"어린이대공원 구의문 주차장 복합충전소","서울특별시 광진구 능동로 216 (능동, 어린이대공원 구의문공영주차장) 지상1층 진입로 정면 10M지점","4","DC콤보","급속(200kW동시)","","서울시","","","","","","","","","","","","","","","","","","",""
"어린이대공원 구의문 주차장 복합충전소","서울특별시 광진구 능동로 216 (능동, 어린이대공원 구의문공영주차장) 지상1층 진입로 정면 10M지점","5","DC콤보","급속(200kW동시)","","서울시","","","","","","","","","","","","","","","","","","",""
"어린이대공원 구의문 주차장 복합충전소","서울특별시 광진구 능동로 216 (능동, 어린이대공원 구의문공영주차장) 지상1층 진입로 정면 10M지점","6","DC콤보","급속(200kW동시)","","서울시","","","","","","","","","","","","","","","","","","",""
"어린이대공원 후문주차장","서울특별시 광진구 능동로 216 (서울특별시 광진구 천호대로124길 11 전기차충전소)","1","DC콤보","급속(50kW단독)","","서울시","","","","","","","","","","","","","","","","","","",""
"여의도 KBS홀 앞 전기차 충전소","서울특별시 영등포구 여의공원로 13 kBS홀 앞 전기차 충전소","1","DC콤보","급속(50kW단독)","","서울시","","","","","","","","","","","","","","","","","","",""
"여의도 KBS홀 앞 전기차 충전소","서울특별시 영등포구 여의공원로 13 kBS홀 앞 전기차 충전소","2","AC완속","완속(7kW단독)","","서울시","","","","","","","","","","","","","","","","","","",""
"여의도 KBS홀 앞 전기차 충전소","서울특별시 영등포구 여의공원로 13 kBS홀 앞 전기차 충전소","3","AC완속","완속(7kW단독)","","서울시","","","","","","","","","","","","","","","","","","",""
"여의서로 노상공영주차장","서울특별시 영등포구 의사당대로 1 국회1어린이집 인근(식물원 앞)","1","DC콤보","급속(50kW단독)","","서울시","","","","","","","","","","","","","","","","","","",""
"여의서로 노상공영주차장","서울특별시 영등포구 의사당대로 1 국회1어린이집 인근(식물원 앞)","2","DC콤보","급속(50kW단독)","","서울시","","","","","","","","","","","","","","","","","","",""
"연남동 공영주차장","서울특별시 마포구 연남로 84 지상 1층","1","DC콤보","급속(100kW단독)","","서울시","","","","","","","","","","","","","","","","","","",""
"연남동 공영주차장","서울특별시 마포구 연남로 84 지상 1층","2","DC콤보","급속(100kW단독)","","서울시","","","","","","","","","","","","","","","","","","",""
"연남동 공영주차장","서울특별시 마포구 연남로 84 지상 1층","3","DC콤보","급속(100kW단독)","","서울시","","","","","","","","","","","","","","","","","","",""
"연남동 공영주차장","서울특별시 마포구 연남로 84 지상 1층","4","DC콤보","급속(100kW단독)","","서울시","","","","","","","","","","","","","","","","","","",""
"연희동 거주자우선주차장","서울특별시 서대문구 연희동 736 거주자우선주차장 32-10 구획","1","DC콤보","급속(50kW단독)","","서울시","","","","","","","","","","","","","","","","","","",""
"연희제2공영주차장","서울특별시 서대문구 연희로15길 113 연희제2공영주차장","1","DC콤보","급속(100kW단독)","","서울시","","","","","","","","","","","","","","","","","","",""
"연희제2공영주차장","서울특별시 서대문구 연희로15길 113 연희제2공영주차장","2","DC콤보","급속(100kW단독)","","서울시","","","","","","","","","","","","","","","","","","",""
"영동대로85길 노상공영주차장(대명중학교 뒤)","서울특별시 강남구 테헤란로88길 17 ","1","DC콤보","급속(50kW단독)","","서울시","","","","","","","","","","","","","","","","","","",""
"영동대로85길 노상공영주차장(요금정산소 옆)","서울특별시 강남구 삼성로86길 23 ","1","DC콤보","급속(50kW단독)","","서울시","","","","","","","","","","","","","","","","","","",""
"오목교역 노상공영주차장","서울특별시 양천구 목동서로 159-3 ","1","DC콤보","급속(50kW단독)","","서울시","","","","","","","","","","","","","","","","","","",""
"올림픽기념국민생활관","서울특별시 종로구 성균관로 91 올림픽기념국민생활관","1","AC완속","완속(7kW단독)","","서울시","","","","","","","","","","","","","","","","","","",""
"올림픽기념국민생활관","서울특별시 종로구 성균관로 91 올림픽기념국민생활관","2","AC완속","완속(7kW단독)","","서울시","","","","","","","","","","","","","","","","","","",""
"올림픽기념국민생활관","서울특별시 종로구 성균관로 91 올림픽기념국민생활관","3","AC완속","완속(7kW단독)","","서울시","","","","","","","","","","","","","","","","","","",""
"올림픽기념국민생활관","서울특별시 종로구 성균관로 91 올림픽기념국민생활관","4","AC완속","완속(7kW단독)","","서울시","","","","","","","","","","","","","","","","","","",""
"월계동 거주자주차장","서울특별시 노원구 광운로 20 2-16 구획","1","DC콤보","급속(50kW단독)","","서울시","","","","","","","","","","","","","","","","","","",""
"월계복지문화센터","서울 노원구 월계로42길 9(월계문화복지센터) (월계동, 월계문화복지센터) 지상 1층","1","DC콤보","급속(100kW단독)","","서울시","","","","","","","","","","","","","","","","","","",""
"위례성길 공영주차장 전기차 충전소","서울특별시 송파구 위례성대로 68 ","1","DC콤보","급속(50kW단독)","","서울시","","","","","","","","","","","","","","","","","","",""
"위례성길 공영주차장 전기차 충전소","서울특별시 송파구 위례성대로 68 ","2","AC완속","완속(7kW단독)","","서울시","","","","","","","","","","","","","","","","","","",""
"으뜸공원 공영주차장 전기차 충전소","서울특별시 강북구 솔샘로67길 33 으뜸공원 공영주차장","1","AC완속","완속(7kW단독)","","서울시","","","","","","","","","","","","","","","","","","",""
"으뜸공원 주차장 ","서울특별시 관악구 신림로 21 ","1","DC콤보","급속(50kW단독)","","서울시","","","","","","","","","","","","","","","","","","",""
"으뜸공원 주차장 ","서울특별시 관악구 신림로 21 ","2","DC콤보","급속(50kW단독)","","서울시","","","","","","","","","","","","","","","","","","",""
"은평평화공원 지하공영주차장","서울특별시 은평구 서오릉로 지하47 은평평화공원 지하공영주차장","1","DC콤보","급속(100kW단독)","","서울시","","","","","","","","","","","","","","","","","","",""
"을지로 노상공영주차장(신한은행 앞)","서울특별시 중구 을지로 213 ","1","DC콤보","급속(50kW단독)","","서울시","","","","","","","","","","","","","","","","","","",""
"을지로 노상공영주차장(하나은행 앞)","서울특별시 중구 을지로 167 ","1","DC콤보","급속(50kW단독)","","서울시","","","","","","","","","","","","","","","","","","",""
"이문동 거주자우선주차장","서울특별시 동대문구 이문동 209-1 이문고가 인근","1","DC콤보","급속(50kW단독)","","서울시","","","","","","","","","","","","","","","","","","",""
"자양우성1차아파트 앞 전기차 충전소","서울특별시 광진구 자양번영로 45 노상공영주차장 유료 42번","1","DC콤보","급속(50kW단독)","","서울시","","","","","","","","","","","","","","","","","","",""
"자양한양아파트 앞 전기차 충전소","서울특별시 광진구 구의강변로 11 정문 앞 유료 48번","1","DC콤보","급속(50kW단독)","","서울시","","","","","","","","","","","","","","","","","","",""
"잠실 청소년센터 앞 전기차 충전소","서울특별시 송파구 올림픽로8길 20 잠실 청소년센터","1","DC콤보","급속(50kW단독)","","서울시","","","","","","","","","","","","","","","","","","",""
"장안동근린공원 지하주차장","서울특별시 동대문구 장한로 191 장안동근린공원 지하주차장 지하1층","1","DC콤보","급속(100kW동시)","","서울시","","","","","","","","","","","","","","","","","","",""
"장안동근린공원 지하주차장","서울특별시 동대문구 장한로 191 장안동근린공원 지하주차장 지하1층","2","DC콤보","급속(100kW동시)","","서울시","","","","","","","","","","","","","","","","","","",""
"정릉천변 노상공영주차장","서울특별시 동대문구 정릉천동로 125-1 ","1","DC콤보","급속(50kW단독)","","서울시","","","","","","","","","","","","","","","","","","",""
"제2월곡인조잔디구장","서울특별시 성북구 장월로3길 51-80 제2월곡인조잔디구장 지하2층","1","DC콤보","급속(100kW단독)","","서울시","","","","","","","","","","","","","","","","","","",""
"종로구구민회관","서울특별시 종로구 지봉로5길 7-5 종로구구민회관 뒷편 지상주차장","1","DC콤보","급속(100kW단독)","","서울시","","","","","","","","","","","","","","","","","","",""
"중계근린공원 노상주차장","서울특별시 노원구 동일로 1243 중계근린공원 노상주차장","1","DC콤보","급속(100kW동시)","","서울시","","","","","","","","","","","","","","","","","","",""
"중계근린공원 노상주차장","서울특별시 노원구 동일로 1243 중계근린공원 노상주차장","2","DC콤보","급속(100kW동시)","","서울시","","","","","","","","","","","","","","","","","","",""
"중곡동 복개천 노상공영주차장(중곡동우체국 앞)","서울특별시 광진구 긴고랑로 66 중곡동우체국 앞","1","DC콤보","급속(50kW단독)","","서울시","","","","","","","","","","","","","","","","","","",""
"중랑구시설관리공단 복합청사 주차장","서울특별시 중랑구 봉화산로 190 지하1층","1","AC완속","완속(7kW단독)","","서울시","","","","","","","","","","","","","","","","","","",""
"중랑구청","서울특별시 중랑구 봉화산로 179 (신내동, 중랑구청) 지하1층 19번 기둥","1","DC콤보","급속(100kW동시)","","서울시","","","","","","","","","","","","","","","","","","",""
"중랑구청","서울특별시 중랑구 봉화산로 179 (신내동, 중랑구청) 지하1층 19번 기둥","2","DC콤보","급속(100kW동시)","","서울시","","","","","","","","","","","","","","","","","","",""
"중랑천환경센터","서울특별시 노원구 덕릉로 430 본관 주차장","1","DC콤보","급속(100kW단독)","","서울시","","","","","","","","","","","","","","","","","","",""
"중랑천환경센터","서울특별시 노원구 덕릉로 430 본관 주차장","2","DC콤보","급속(100kW단독)","","서울시","","","","","","","","","","","","","","","","","","",""
"중랑초교 공영주차장","서울특별시 중랑구 봉우재로6길 26 중랑초교 공영주차장","1","AC완속","완속(7kW단독)","","서울시","","","","","","","","","","","","","","","","","","",""
"중랑초교 공영주차장","서울특별시 중랑구 봉우재로6길 26 중랑초교 공영주차장","2","AC완속","완속(7kW단독)","","서울시","","","","","","","","","","","","","","","","","","",""
"중랑초교 공영주차장","서울특별시 중랑구 봉우재로6길 26 중랑초교 공영주차장","3","DC콤보","급속(100kW단독)","","서울시","","","","","","","","","","","","","","","","","","",""
"중랑초교 공영주차장","서울특별시 중랑구 봉우재로6길 26 중랑초교 공영주차장","4","AC완속","급속(100kW단독)","","서울시","","","","","","","","","","","","","","","","","","",""
"중랑캠핑숲 제1주차장","서울특별시 중랑구 송림길 160 주차장 입구 좌측","1","AC완속","완속(7kW단독)","","서울시","","","","","","","","","","","","","","","","","","",""
"중랑캠핑숲 제1주차장","서울특별시 중랑구 송림길 160 주차장 입구 좌측","2","DC콤보","급속(100kW동시)","","서울시","","","","","","","","","","","","","","","","","","",""
"중랑캠핑숲 제1주차장","서울특별시 중랑구 송림길 160 주차장 입구 좌측","3","DC콤보","급속(100kW동시)","","서울시","","","","","","","","","","","","","","","","","","",""
"중랑캠핑숲 제1주차장","서울특별시 중랑구 송림길 160 주차장 입구 좌측","4","DC콤보","급속(100kW동시)","","서울시","","","","","","","","","","","","","","","","","","",""
"중랑캠핑숲 제1주차장","서울특별시 중랑구 송림길 160 주차장 입구 좌측","5","DC콤보","급속(100kW단독)","","서울시","","","","","","","","","","","","","","","","","","",""
"창2동 제4공영주차장","서울특별시 도봉구 덕릉로59길 63 지상 48-638 구획","1","DC콤보","급속(50kW단독)","","서울시","","","","","","","","","","","","","","","","","","",""
"창3동 제1공영주차장","서울특별시 도봉구 우이천로4길 24-11 지하","1","DC콤보","급속(50kW단독)","","서울시","","","","","","","","","","","","","","","","","","",""
"창동역 공영주차장","서울특별시 도봉구 마들로11길 74 (창동, 창동역공영주차장) 지상1층 진입로 오른쪽 10M","1","DC콤보","급속(50kW단독)","","서울시","","","","","","","","","","","","","","","","","","",""
"천왕산가족캠핑장","서울특별시 구로구 연동로12길 149 ","1","DC콤보","급속(100kW단독)","","서울시","","","","","","","","","","","","","","","","","","",""
"천왕산가족캠핑장","서울특별시 구로구 연동로12길 149 ","2","DC콤보","급속(100kW단독)","","서울시","","","","","","","","","","","","","","","","","","",""
"천호역 공영주차장","서울특별시 강동구 천호대로 지하997 (천호동, 천호역공영주차장) 지하1층 A37번 기둥","1","DC차데모+AC3상+DC콤보","급속(50kW단독)","","서울시","","","","","","","","","","","","","","","","","","",""
"청계3 노상공영주차장(고려상사 앞)","서울특별시 중구 동호로 377 ","1","DC콤보","급속(50kW단독)","","서울시","","","","","","","","","","","","","","","","","","",""
"청계3 노상공영주차장(코리아몰 앞)","서울특별시 중구 동호로 지하384 ","1","DC콤보","급속(50kW단독)","","서울시","","","","","","","","","","","","","","","","","","",""
"청계5 노상공영주차장","서울특별시 중구 동호로 378-2 지하상가 입구 인근","1","DC콤보","급속(50kW단독)","","서울시","","","","","","","","","","","","","","","","","","",""
"청계5 노상공영주차장","서울특별시 중구 동호로 378-2 지하상가 입구 인근","2","DC콤보","급속(50kW단독)","","서울시","","","","","","","","","","","","","","","","","","",""
"청계8 노상공영주차장","서울특별시 성동구 청계천로 494 ","1","DC콤보","급속(50kW단독)","","서울시","","","","","","","","","","","","","","","","","","",""
"청계8 노상공영주차장","서울특별시 성동구 청계천로 494 ","2","DC콤보","급속(50kW단독)","","서울시","","","","","","","","","","","","","","","","","","",""
"청계8가 공영주차장(시)","중구 흥인동 162-1 0","1512125","NS","노상 주차장","1","시간제 주차장","","0900","1900","0900","1500","0900","1900","1","유료","500.0","5.0","500.0","5.0","","","37.57002852","127.01735719","서울API","2026-06-29 19:21:13"
"청계8가 공영주차장(시)","중구 흥인동 162-1 0","1512125","NS","노상 주차장","1","시간제 주차장","","0900","1900","0900","1500","0900","1900","1","유료","500.0","5.0","500.0","5.0","","","37.57002852","127.01735719","서울API","2026-06-29 19:21:13"
"청기와2 노상공영주차장","서울특별시 마포구 동교로 95 유료 19번 구획","1","DC콤보","급속(50kW단독)","","서울시","","","","","","","","","","","","","","","","","","",""
"청량리동주차장","서울특별시 동대문구 홍릉로12길 18 청량리동공영주차장 지상2층","1","DC콤보","급속(100kW단독)","","서울시","","","","","","","","","","","","","","","","","","",""
"청소년미래진로센터(하자센터)","서울특별시 영등포구 영신로 200 하자센터 신관 입구","1","DC콤보","급속(100kW동시)","","서울시","","","","","","","","","","","","","","","","","","",""
"청소년미래진로센터(하자센터)","서울특별시 영등포구 영신로 200 하자센터 신관 입구","2","DC콤보","급속(100kW동시)","","서울시","","","","","","","","","","","","","","","","","","",""
"초안산근린공원 거주자주차장","서울특별시 도봉구 덕릉로60길 135-70 공원 계단 입구 인근","1","DC콤보","급속(50kW단독)","","서울시","","","","","","","","","","","","","","","","","","",""
"초안산수국동산","서울 노원구 월계로45가길 9(염광중,고,메디텍고,유치원) (월계동, 초안산수국동산) 지상1층 정면 5m","1","DC콤보","급속(100kW단독)","","서울시","","","","","","","","","","","","","","","","","","",""
"하월곡동 거주자우선주차장","서울특별시 성북구 월곡로14길 24 하월곡동 거주자우선주차장","1","DC콤보","급속(100kW단독)","","서울시","","","","","","","","","","","","","","","","","","",""
"하이서울유스호스텔(지하주차장)","서울특별시 영등포구 영신로 200 지하주차장 진입 후 우측","1","AC3상","완속(7kW단독)","","서울시","","","","","","","","","","","","","","","","","","",""
"한남동 공영주차장","서울특별시 용산구 이태원로 224-19 한남동 공영주차장","1","DC콤보","급속(50kW단독)","","서울시","","","","","","","","","","","","","","","","","","",""
"한마음공영주차장","서울특별시 양천구 목동동로 316-6 목동한마음공영주차장","1","DC콤보","급속(200kW동시)","","서울시","","","","","","","","","","","","","","","","","","",""
"한마음공영주차장","서울특별시 양천구 목동동로 316-6 목동한마음공영주차장","2","DC콤보","급속(200kW동시)","","서울시","","","","","","","","","","","","","","","","","","",""
"한마음공영주차장","서울특별시 양천구 목동동로 316-6 목동한마음공영주차장","3","DC콤보","급속(200kW동시)","","서울시","","","","","","","","","","","","","","","","","","",""
"한마음공영주차장","서울특별시 양천구 목동동로 316-6 목동한마음공영주차장","4","DC콤보","급속(200kW동시)","","서울시","","","","","","","","","","","","","","","","","","",""
"한마음공영주차장","서울특별시 양천구 목동동로 316-6 목동한마음공영주차장","5","DC콤보","급속(200kW동시)","","서울시","","","","","","","","","","","","","","","","","","",""
"한마음공영주차장","서울특별시 양천구 목동동로 316-6 목동한마음공영주차장","6","DC콤보","급속(200kW동시)","","서울시","","","","","","","","","","","","","","","","","","",""
"한마음공영주차장","서울특별시 양천구 목동동로 316-6 목동한마음공영주차장","7","DC콤보","급속(200kW동시)","","서울시","","","","","","","","","","","","","","","","","","",""
"한마음공영주차장","서울특별시 양천구 목동동로 316-6 목동한마음공영주차장","8","DC콤보","급속(200kW동시)","","서울시","","","","","","","","","","","","","","","","","","",""
"한마음공영주차장","서울특별시 양천구 목동동로 316-6 목동한마음공영주차장","9","DC콤보","급속(200kW동시)","","서울시","","","","","","","","","","","","","","","","","","",""
"한마음공영주차장","서울특별시 양천구 목동동로 316-6 목동한마음공영주차장","10","DC콤보","급속(200kW동시)","","서울시","","","","","","","","","","","","","","","","","","",""
"한마음공영주차장","서울특별시 양천구 목동동로 316-6 목동한마음공영주차장","11","DC콤보","급속(200kW동시)","","서울시","","","","","","","","","","","","","","","","","","",""
"한화꿈에그린아파트 거주자우선주차장","서울특별시 광진구 자양동 97-1 신양중학교 정문 앞","1","DC콤보","급속(50kW단독)","","서울시","","","","","","","","","","","","","","","","","","",""
"해맞이공영주차장 ","서울특별시 양천구 지양로 53 ","1","DC콤보","급속(100kW단독)","","서울시","","","","","","","","","","","","","","","","","","",""
"행운동제1공주차장","서울특별시 관악구 행운4길 21 ","1","DC콤보","급속(100kW단독)","","서울시","","","","","","","","","","","","","","","","","","",""
"행운동제1공주차장","서울특별시 관악구 행운4길 21 ","2","DC콤보","급속(100kW단독)","","서울시","","","","","","","","","","","","","","","","","","",""
"홍제1동 공용주차장","서울특별시 서대문구 홍제내2바길 18 (홍제동, 홍제1동제1공영주차장) 지상 1층 마을버스정류장 옆","1","DC콤보","급속(100kW동시)","","서울시","","","","","","","","","","","","","","","","","","",""
"홍제1동 공용주차장","서울특별시 서대문구 홍제내2바길 18 (홍제동, 홍제1동제1공영주차장) 지상 1층 마을버스정류장 옆","2","DC콤보","급속(100kW동시)","","서울시","","","","","","","","","","","","","","","","","","",""
"홍제동 주영빌딩 앞전기차 충전소","서울특별시 서대문구 홍제내길 128 ","1","DC콤보","급속(50kW단독)","","서울시","","","","","","","","","","","","","","","","","","",""
"화곡본동주민센터","서울특별시 강서구 초록마을로5길 29 화곡본동주민센터 지상1층","1","DC콤보","급속(100kW단독)","","서울시","","","","","","","","","","","","","","","","","","",""
"화창운수 앞 가로등형 충전소","서울특별시 마포구 토정로 272 전기차충전소","1","DC콤보","급속(50kW단독)","","서울시","","","","","","","","","","","","","","","","","","",""
"훈련원공원 노상공영주차장","서울특별시 중구 을지로 227 ","1","DC콤보","급속(50kW단독)","","서울시","","","","","","","","","","","","","","","","","","",""
"휘경동 노외공영주차장","서울특별시 동대문구 휘경로14길 14 ","1","DC콤보","급속(50kW단독)","","서울시","","","","","","","","","","","","","","","","","","",""
